PDB ID,Chain,Res ID,Res Name,model pKa,Predict pKa,Target pKa,Predict pKa shift,Target pKa shift
outt1,X,1,ASP,3.7,2.454925775527954,,-1.245074224472046,
outt1,X,3,HIS,6.34,6.3443145751953125,,0.004314575195312642,
outt1,X,4,LYS,10.4,11.071243286132812,,0.6712432861328121,
outt1,X,6,GLU,4.2,3.0023531913757324,,-1.1976468086242678,
outt1,X,9,HIS,6.34,6.534305572509766,,0.19430557250976577,
outt1,X,12,LYS,10.4,10.62844467163086,,0.22844467163085902,
outt1,X,13,ASP,3.7,2.915860652923584,,-0.7841393470764162,
outt1,X,16,GLU,4.2,3.5407090187072754,,-0.6592909812927248,
outt1,X,17,GLU,4.2,3.202427625656128,,-0.9975723743438722,
outt1,X,18,HIS,6.34,5.70198392868042,,-0.6380160713195799,
outt1,X,20,LYS,10.4,10.912330627441406,,0.5123306274414059,
outt1,X,37,ASP,3.7,3.077274799346924,,-0.6227252006530763,
outt1,X,38,GLU,4.2,3.634580612182617,,-0.565419387817383,
outt1,X,39,HIS,6.34,5.759909629821777,,-0.5800903701782225,
outt1,X,41,LYS,10.4,11.185553550720215,,0.7855535507202145,
outt1,X,45,GLU,4.2,4.3555192947387695,,0.15551929473876935,
outt1,X,48,GLU,4.2,3.43133807182312,,-0.7686619281768801,
outt1,X,51,LYS,10.4,10.185722351074219,,-0.2142776489257816,
outt1,X,56,ASP,3.7,2.7755942344665527,,-0.9244057655334474,
outt1,X,57,GLU,4.2,3.6185665130615234,,-0.5814334869384767,
outt1,X,59,HIS,6.34,6.133646011352539,,-0.2063539886474608,
outt1,X,63,GLU,4.2,2.5389904975891113,,-1.6610095024108888,
outt1,X,64,LYS,10.4,10.507101058959961,,0.10710105895996058,
outt1,X,67,HIS,6.34,5.830092430114746,,-0.5099075698852538,
outt1,X,72,ASP,3.7,3.0600485801696777,,-0.6399514198303224,
outt1,X,73,GLU,4.2,3.6103200912475586,,-0.5896799087524416,
outt1,X,76,LYS,10.4,11.167537689208984,,0.767537689208984,
outt1,X,82,GLU,4.2,3.850776195526123,,-0.34922380447387713,
outt1,X,86,ASP,3.7,3.4646553993225098,,-0.2353446006774904,
outt1,X,89,ASP,3.7,3.880267858505249,,0.18026785850524885,
outt1,X,92,GLU,4.2,3.5977964401245117,,-0.6022035598754885,
outt1,X,93,LYS,10.4,11.117217063903809,,0.7172170639038082,
outt1,X,95,GLU,4.2,4.157217979431152,,-0.042782020568847834,
outt1,X,97,GLU,4.2,3.5268685817718506,,-0.6731314182281496,
outt1,X,100,GLU,4.2,4.151185989379883,,-0.048814010620117365,
outt1,X,105,HIS,6.34,5.772974967956543,,-0.5670250320434569,
outt1,X,106,LYS,10.4,11.000611305236816,,0.600611305236816,
outt1,X,107,ASP,3.7,2.7339677810668945,,-0.9660322189331056,
outt1,X,108,ASP,3.7,3.4239306449890137,,-0.2760693550109865,
outt1,X,111,ASP,3.7,3.4220874309539795,,-0.2779125690460207,
outt1,X,114,LYS,10.4,10.43216609954834,,0.03216609954833949,
outt1,X,116,LYS,10.4,11.13724136352539,,0.7372413635253903,
outt1,X,118,ASP,3.7,3.0701065063476562,,-0.6298934936523439,
outt1,X,124,ASP,3.7,3.0491340160369873,,-0.6508659839630129,
outt1,X,125,GLU,4.2,3.8797478675842285,,-0.32025213241577166,
outt1,X,127,LYS,10.4,11.502595901489258,,1.1025959014892575,
outt1,X,129,ASP,3.7,2.9031991958618164,,-0.7968008041381838,
outt1,X,130,GLU,4.2,3.1746134757995605,,-1.0253865242004396,
outt1,X,131,LYS,10.4,11.237608909606934,,0.8376089096069332,
outt1,X,132,LYS,10.4,11.395689010620117,,0.9956890106201168,
outt1,X,136,LYS,10.4,11.385490417480469,,0.9854904174804684,
outt1,X,140,GLU,4.2,3.424398899078369,,-0.775601100921631,
outt1,X,145,HIS,6.34,5.884613037109375,,-0.45538696289062486,
outt1,X,152,GLU,4.2,3.4399423599243164,,-0.7600576400756838,
outt1,X,159,LYS,10.4,10.228215217590332,,-0.17178478240966832,
outt1,X,166,GLU,4.2,4.35637092590332,,0.15637092590332013,
outt1,X,171,GLU,4.2,3.5868160724639893,,-0.6131839275360109,
outt1,X,172,ASP,3.7,3.7612335681915283,,0.06123356819152814,
outt1,X,173,LYS,10.4,11.508546829223633,,1.1085468292236325,
outt1,X,180,LYS,10.4,11.322632789611816,,0.922632789611816,
outt1,X,182,GLU,4.2,5.115180015563965,,0.9151800155639647,
outt1,X,186,GLU,4.2,2.655290365219116,,-1.544709634780884,
outt1,X,187,LYS,10.4,11.062909126281738,,0.6629091262817379,
outt1,X,204,LYS,10.4,11.409823417663574,,1.0098234176635739,
outt1,X,207,GLU,4.2,3.7276382446289062,,-0.4723617553710939,
outt1,X,211,LYS,10.4,10.470508575439453,,0.07050857543945277,
outt1,X,221,LYS,10.4,10.832581520080566,,0.43258152008056605,
outt1,X,224,LYS,10.4,10.744811058044434,,0.34481105804443324,
outt1,X,226,GLU,4.2,4.027308940887451,,-0.172691059112549,
outt1,X,229,GLU,4.2,3.4067516326904297,,-0.7932483673095705,
outt1,X,232,LYS,10.4,11.037917137145996,,0.6379171371459957,
outt1,X,236,ASP,3.7,2.400031805038452,,-1.299968194961548,
outt1,X,239,LYS,10.4,10.834901809692383,,0.43490180969238246,
outt1,X,241,HIS,6.34,6.94205904006958,,0.6020590400695802,
outt1,X,242,LYS,10.4,11.028901100158691,,0.628901100158691,
outt1,X,243,GLU,4.2,3.3942484855651855,,-0.8057515144348146,
outt1,X,246,HIS,6.34,4.784963607788086,,-1.555036392211914,
outt1,X,248,ASP,3.7,2.515533208847046,,-1.1844667911529543,
outt1,X,251,GLU,4.2,3.711042642593384,,-0.4889573574066164,
outt1,X,254,ASP,3.7,2.961153507232666,,-0.7388464927673342,
outt1,X,255,ASP,3.7,2.6970584392547607,,-1.0029415607452394,
outt1,X,258,ASP,3.7,3.766767978668213,,0.06676797866821271,
outt1,X,261,LYS,10.4,11.1189603805542,,0.7189603805541989,
outt1,X,265,ASP,3.7,3.9038469791412354,,0.20384697914123517,
outt1,X,268,ASP,3.7,3.0860402584075928,,-0.6139597415924074,
outt1,X,273,LYS,10.4,10.880571365356445,,0.48057136535644496,
outt1,X,275,LYS,10.4,11.452326774597168,,1.0523267745971676,
outt1,X,276,GLU,4.2,3.982128620147705,,-0.2178713798522951,
outt1,X,279,ASP,3.7,3.453542470932007,,-0.24645752906799334,
outt1,X,280,LYS,10.4,11.198139190673828,,0.7981391906738278,
outt1,X,284,GLU,4.2,3.821923017501831,,-0.3780769824981691,
outt1,X,285,LYS,10.4,11.13111686706543,,0.7311168670654293,
outt1,X,287,HIS,6.34,8.019946098327637,,1.6799460983276369,
outt1,X,291,GLU,4.2,3.7004075050354004,,-0.4995924949645998,
outt1,X,293,GLU,4.2,4.031641960144043,,-0.1683580398559572,
outt1,X,294,LYS,10.4,10.87218952178955,,0.4721895217895504,
outt1,X,295,ASP,3.7,3.0119569301605225,,-0.6880430698394777,
outt1,X,299,GLU,4.2,3.878640651702881,,-0.3213593482971193,
outt1,X,307,ASP,3.7,3.2483487129211426,,-0.4516512870788576,
outt1,X,310,GLU,4.2,3.5555038452148438,,-0.6444961547851564,
outt1,X,311,ASP,3.7,2.755174160003662,,-0.9448258399963381,
outt1,X,312,LYS,10.4,10.992460250854492,,0.5924602508544918,
outt1,X,313,ASP,3.7,2.2907416820526123,,-1.4092583179473879,
outt1,X,316,LYS,10.4,11.027124404907227,,0.6271244049072262,
outt1,X,320,GLU,4.2,3.7409794330596924,,-0.4590205669403078,
outt1,X,322,LYS,10.4,10.787932395935059,,0.38793239593505824,
outt1,X,323,ASP,3.7,3.503485918045044,,-0.19651408195495623,
outt1,X,332,GLU,4.2,3.8410451412200928,,-0.3589548587799074,
outt1,X,337,HIS,6.34,6.631283760070801,,0.2912837600708009,
outt1,X,339,GLU,4.2,3.524793863296509,,-0.6752061367034914,
outt1,X,350,LYS,10.4,10.51356315612793,,0.11356315612792933,
outt1,X,351,GLU,4.2,3.000300884246826,,-1.199699115753174,
outt1,X,353,GLU,4.2,3.6935038566589355,,-0.5064961433410646,
outt1,X,357,GLU,4.2,4.4003520011901855,,0.20035200119018537,
outt1,X,358,GLU,4.2,3.5688412189483643,,-0.6311587810516359,
outt1,X,362,LYS,10.4,11.298944473266602,,0.8989444732666012,
outt1,X,363,ASP,3.7,3.5094611644744873,,-0.19053883552551287,
outt1,X,364,ASP,3.7,3.1405961513519287,,-0.5594038486480715,
outt1,X,366,HIS,6.34,6.797839641571045,,0.45783964157104506,
outt1,X,374,ASP,3.7,2.8981270790100098,,-0.8018729209899904,
outt1,X,375,LYS,10.4,10.87838363647461,,0.478383636474609,
outt1,X,377,LYS,10.4,10.932633399963379,,0.5326333999633786,
outt1,X,378,HIS,6.34,4.4552693367004395,,-1.8847306632995604,
outt1,X,381,ASP,3.7,3.516094923019409,,-0.183905076980591,
outt1,X,382,GLU,4.2,3.9258060455322266,,-0.2741939544677736,
outt1,X,388,LYS,10.4,10.869359016418457,,0.4693590164184567,
outt1,X,392,ASP,3.7,3.385667085647583,,-0.31433291435241717,
outt1,X,395,GLU,4.2,3.3171277046203613,,-0.8828722953796388,
outt1,X,396,LYS,10.4,10.843982696533203,,0.44398269653320277,
outt1,X,399,GLU,4.2,3.448056697845459,,-0.7519433021545412,
outt1,X,413,LYS,10.4,10.723055839538574,,0.32305583953857386,
outt1,X,424,GLU,4.2,3.786712169647217,,-0.4132878303527834,
outt1,X,431,LYS,10.4,10.355908393859863,,-0.044091606140137074,
outt1,X,439,LYS,10.4,11.436155319213867,,1.0361553192138668,
outt1,X,441,GLU,4.2,3.88653302192688,,-0.3134669780731203,
outt1,X,443,GLU,4.2,4.410367488861084,,0.2103674888610838,
outt1,X,449,GLU,4.2,3.788050651550293,,-0.4119493484497072,
outt1,X,450,ASP,3.7,2.6983118057250977,,-1.0016881942749025,
outt1,X,463,HIS,6.34,5.218374252319336,,-1.121625747680664,
outt1,X,464,GLU,4.2,3.004951000213623,,-1.1950489997863771,
outt1,X,465,LYS,10.4,11.259655952453613,,0.8596559524536129,
outt1,X,470,GLU,4.2,3.528137445449829,,-0.6718625545501711,
outt1,X,471,LYS,10.4,10.949596405029297,,0.5495964050292965,
outt1,X,474,LYS,10.4,11.325804710388184,,0.9258047103881832,
outt1,X,478,GLU,4.2,3.509037971496582,,-0.6909620285034181,
outt1,X,493,ASP,3.7,2.498910427093506,,-1.2010895729064943,
outt1,X,494,GLU,4.2,3.3862736225128174,,-0.8137263774871828,
outt1,X,499,LYS,10.4,10.711505889892578,,0.31150588989257777,
outt1,X,502,ASP,3.7,2.263479709625244,,-1.436520290374756,
outt1,X,503,GLU,4.2,3.3238468170166016,,-0.8761531829833986,
outt1,X,504,LYS,10.4,11.24887466430664,,0.8488746643066403,
outt1,X,509,HIS,6.34,5.771068572998047,,-0.568931427001953,
outt1,X,511,ASP,3.7,2.613203287124634,,-1.0867967128753664,
outt1,X,517,ASP,3.7,2.6130361557006836,,-1.0869638442993166,
outt1,X,519,GLU,4.2,3.152637004852295,,-1.0473629951477053,
outt1,X,520,LYS,10.4,10.54945182800293,,0.14945182800292933,
outt1,X,523,LYS,10.4,10.986207008361816,,0.586207008361816,
outt1,X,524,LYS,10.4,10.773469924926758,,0.37346992492675746,
outt1,X,530,GLU,4.2,3.712709665298462,,-0.48729033470153826,
outt1,X,533,LYS,10.4,11.10642147064209,,0.7064214706420895,
outt1,X,534,HIS,6.34,5.927278995513916,,-0.41272100448608384,
outt1,X,535,LYS,10.4,10.829299926757812,,0.42929992675781214,
outt1,X,537,LYS,10.4,10.520099639892578,,0.12009963989257777,
outt1,X,540,GLU,4.2,3.1631195545196533,,-1.0368804454803469,
outt1,X,541,GLU,4.2,4.176644325256348,,-0.02335567474365252,
outt1,X,544,LYS,10.4,10.487312316894531,,0.0873123168945309,
outt1,X,548,GLU,4.2,4.54119873046875,,0.3411987304687498,
outt1,X,555,ASP,3.7,2.7588725090026855,,-0.9411274909973146,
outt1,X,556,LYS,10.4,10.841824531555176,,0.4418245315551754,
outt1,X,561,ASP,3.7,2.761544942855835,,-0.9384550571441652,
outt1,X,562,ASP,3.7,4.024421215057373,,0.32442121505737287,
outt1,X,563,LYS,10.4,11.331872940063477,,0.9318729400634762,
outt1,X,564,GLU,4.2,4.105251312255859,,-0.0947486877441408,
outt1,X,570,GLU,4.2,4.091166973114014,,-0.1088330268859865,
outt1,X,573,LYS,10.4,10.786033630371094,,0.3860336303710934,
